Metric Category,Mean,Std Dev,Min,Max,N
Perceived Usefulness (PU),3.3666666666666667,1.291072403084648,1.0,5.0,10
Perceived Ease of Use (PEOU),4.133333333333334,1.048476050233427,1.0,5.0,10
Interface Assessment,3.9,1.0373995695933533,2.0,5.0,10
System Accuracy,3.6,1.2649110640673518,2.0,5.0,10
Probability Alignment,3.111111111111111,1.3642254619787417,2.0,5.0,10
Recommendation Relevance,3.3333333333333335,1.224744871391589,2.0,5.0,10
Actionability,3.857142857142857,1.0690449676496976,3.0,5.0,10
Likelihood to Continue,3.125,1.8850918886280925,1.0,5.0,10
Likelihood to Recommend,3.0,1.7728105208558367,1.0,5.0,10
